{
  "project_info": {
    "project_number": "740192292365",
    "firebase_url": "https://anonymous-authentication-8ccfd.firebaseio.com",
    "project_id": "anonymous-authentication-8ccfd",
    "storage_bucket": "anonymous-authentication-8ccfd.appspot.com"
  },
  "client": [
    {
      "client_info": {
        "mobilesdk_app_id": "1:740192292365:android:52d768e082c9d6053d4f44",
        "android_client_info": {
          "package_name": "com.tvacstudio.anonymousauthentication"
        }
      },
      "oauth_client": [
        {
          "client_id": "740192292365-e4fidds7tvs2olh9ge80ja2hbav1kodv.apps.googleusercontent.com",
          "client_type": 1,
          "android_info": {
            "package_name": "com.tvacstudio.anonymousauthentication",
            "certificate_hash": "7508f9d2fc91fa9f89b060d5996ff3a33e0ba93e"
          }
        },
        {
          "client_id": "740192292365-roolbgs86bfeav62av8pjtsmncecfbqj.apps.googleusercontent.com",
          "client_type": 3
        }
      ],
      "api_key": [
        {
          "current_key": "AIzaSyDrEui-17URLKm2xIPBE2fQJZjuUagrW6o"
        }
      ],
      "services": {
        "appinvite_service": {
          "other_platform_oauth_client": [
            {
              "client_id": "740192292365-roolbgs86bfeav62av8pjtsmncecfbqj.apps.googleusercontent.com",
              "client_type": 3
            }
          ]
        }
      }
    }
  ],
  "configuration_version": "1"
}